{"inkVersion":21,"root":[[{"->":"start"},["done",{"#f":5,"#n":"g-0"}],null],"done",{"start":[["#","^background: ship/research_zone.png","/#","^You enter the Research Complex, a district filled with state-of-the-art laboratories and cutting-edge technology. This area is where the Celestial's brightest minds work tirelessly to advance the ship's technology, conduct experiments, and uncover the secrets of the universe.","\n","ev","str","^Visit the physics laboratory and meet the researchers working on advanced propulsion.","/str","/ev",{"*":".^.c-0","flg":20},"ev","str","^Stop by the genetics lab to learn about their work on human longevity and health.","/str","/ev",{"*":".^.c-1","flg":20},"ev","str","^Explore the robotics and artificial intelligence lab and meet the engineers who design and maintain the ship's automated systems.","/str","/ev",{"*":".^.c-2","flg":20},{"c-0":["\n","^You make your way to the physics laboratory, where a team of researchers is working on cutting-edge propulsion systems. One of the lead scientists, Dr. Emily, greets you warmly. \"Hello, I'm Dr. Emily. We're working on improving the Celestial's propulsion and discovering new ways to travel faster and more efficiently. If you're interested in learning more, feel free to ask any questions!\"","\n",{"->":".^.^.g-0"},{"#f":5}],"c-1":["\n","^Curious about genetics research, you visit the genetics lab. There, you meet Dr. Michael, who is leading a team working on human longevity and health. \"Hi, I'm Dr. Michael. We're studying the human genome and developing techniques to improve our health and extend our lifespans. If you have any questions about our work, please don't hesitate to ask!\"","\n",{"->":".^.^.g-0"},{"#f":5}],"c-2":["\n","^Intrigued by robotics and AI, you visit the relevant lab. Amidst the buzzing machines and intricate algorithms, you meet the head engineer, Dr. Priya. \"Hi there, I'm Dr. Priya. My team and I design and maintain the Celestial's automated systems, as well as develop advanced robotics and AI technology. If you'd like to know more about our work or the robots we create, feel free to ask!\"","\n",{"->":".^.^.g-0"},{"#f":5}],"g-0":["^The Research Complex is an exciting and dynamic place where innovation and creativity drive the Celestial's progress, shaping its future in the vast reaches of space.","\n","ev","str","^visit-research-zone","/str",{"x()":"triggerEvent","exArgs":1},"pop","/ev","\n","ev","str","^It's been a long day, time to go home.","/str",{"VAR?":"timePlayer"},2,">=","/ev",{"*":".^.c-3","flg":21},"ev","str","^Reluctantly go learn about another area.","/str",{"VAR?":"timePlayer"},2,"<","/ev",{"*":".^.c-4","flg":21},{"c-3":["\n","ev","str","^dialog","/str","str","^dialog-day-two","/str",{"x()":"nextPage","exArgs":2},"pop","/ev","\n","end",{"#f":5}],"c-4":["\n","ev","str","^ship","/str","str","^dialog-intro","/str",{"x()":"nextPage","exArgs":2},"pop","/ev","\n","end",{"#f":5}],"#f":5}]}],{"#f":1}],"global decl":["ev",0,{"VAR=":"timePlayer"},0,{"VAR=":"timeSinceLastRun"},0,{"VAR=":"totalVisits"},"/ev","end",null],"#f":1}],"listDefs":{}}