{"inkVersion":21,"root":[[{"->":"start"},["done",{"#f":5,"#n":"g-0"}],null],"done",{"start":[["#","^background: ship/decks_zone_2.png","/#","^Thanks for Playing! I'm sorry to say that I ran out of time, so there is no more content. I had big plans, but TIME was not my friend.","\n","^The real \"gameplay\" is in the Encounter. I ran out of time before I could intergrate it with the story.","\n","^A log of your choices this playthough can be seen in the player status page.","\n","^If you enjoyed this, please leave some encouraging feedback in the comments. It will help motivate me to complete the game. Otherwise it will end up like all my past games, unfinished.","\n","ev","str","^Play Astroid Encounter","/str","/ev",{"*":".^.c-0","flg":4},"ev","str","^See Your Stats and Event Logs","/str","/ev",{"*":".^.c-1","flg":4},"ev","str","^What was planned?","/str","/ev",{"*":".^.c-2","flg":4},{"c-0":["\n",{"->":"play_astroid_encounter"},{"#f":5}],"c-1":["\n","ev","str","^yourStats","/str","str","^bedroom_child.png","/str",{"x()":"nextPage","exArgs":2},"pop","/ev","\n","end",{"#f":5}],"c-2":["\n",{"->":"planned_features"},"end",{"#f":5}]}],{"#f":1}],"play_astroid_encounter":[["^The Player has 10 skills that can be improved though gameplay. When an event occurs, the player's skill is the number of dice in the player's dice pool. This dice pool is rolled to determin how much TIME the player gets for the event.","\n","^Getting a perfect ending in an event results in awards. Otherwise it results in some damage to the ship. THe better you play, the less damage. This damage effects the story and future options.","\n","ev","str","^Launch Encounter ","ev",{"VAR?":"timeSinceLastRun"},0,">","/ev",[{"->":".^.b","c":true},{"b":["^ Again",{"->":".^.^.^.13"},null]}],"nop","/str","/ev",{"*":".^.c-0","flg":20},"ev","str","^Back","/str","/ev",{"*":".^.c-1","flg":20},{"c-0":["\n","ev","str","^asteroid","/str",{"x()":"triggerEvent","exArgs":1},"pop","/ev","\n","ev","str","^encounter","/str","str","^encounter-astroid","/str",{"x()":"nextPage","exArgs":2},"pop","/ev","\n","end",{"#f":5}],"c-1":["\n",{"->":"start"},"end",{"#f":5}]}],{"#f":1}],"planned_features":[["^The game alternates between engaging Dialogs and thrilling Events to create a dynamic gameplay experience.","\n","^Dialogs offer a branching narrative that adapts to the choices you've made throughout the game. These storylines draw from a record of events the player has experienced, allowing for unique, personalized narratives. As you explore, you can enhance your skills and unlock new story paths, making every playthrough feel fresh and exciting.","\n","^Events, on the other hand, provide the core \"gameplay\" loop. Each encounter, crafted using the Ink engine, presents a self-contained challenge that demands the player's skills to overcome. With a limited amount of time, you must protect the ship from damage and maintain its integrity. Your performance in these events ultimately determines the rewards or penalties you face, directly influencing the progression of the game and its unfolding story.","\n","ev","str","^Planned Static Events","/str","/ev",{"*":".^.c-0","flg":4},"ev","str","^Dynamic Events","/str","/ev",{"*":".^.c-1","flg":4},"ev","str","^Back","/str","/ev",{"*":".^.c-2","flg":4},{"c-0":["\n",{"->":"static_events"},{"#f":5}],"c-1":["\n",{"->":"dynamic_events"},{"#f":5}],"c-2":["\n",{"->":"start"},"end",{"#f":5}]}],{"#f":1}],"static_events":[["^These are the Static Events that would have happened regardless of your choices in the game. How they effect you depends on your Skill values and your current location when it occurs.","\n",["ev",{"^->":"static_events.0.2.$r1"},{"temp=":"$r"},"str",{"->":".^.s"},[{"#n":"$r1"}],"/str","/ev",{"*":".^.^.c-0","flg":18},{"s":["^Emergency Power Failure.",{"->":"$r","var":true},null]}],["ev",{"^->":"static_events.0.3.$r1"},{"temp=":"$r"},"str",{"->":".^.s"},[{"#n":"$r1"}],"/str","/ev",{"*":".^.^.c-1","flg":18},{"s":["^Medical Outbreak.",{"->":"$r","var":true},null]}],["ev",{"^->":"static_events.0.4.$r1"},{"temp=":"$r"},"str",{"->":".^.s"},[{"#n":"$r1"}],"/str","/ev",{"*":".^.^.c-2","flg":18},{"s":["^Hostile Boarding.",{"->":"$r","var":true},null]}],["ev",{"^->":"static_events.0.5.$r1"},{"temp=":"$r"},"str",{"->":".^.s"},[{"#n":"$r1"}],"/str","/ev",{"*":".^.^.c-3","flg":18},{"s":["^Lost Child.",{"->":"$r","var":true},null]}],["ev",{"^->":"static_events.0.6.$r1"},{"temp=":"$r"},"str",{"->":".^.s"},[{"#n":"$r1"}],"/str","/ev",{"*":".^.^.c-4","flg":18},{"s":["^Ship-wide Malfunction.",{"->":"$r","var":true},null]}],["ev",{"^->":"static_events.0.7.$r1"},{"temp=":"$r"},"str",{"->":".^.s"},[{"#n":"$r1"}],"/str","/ev",{"*":".^.^.c-5","flg":18},{"s":["^Political Unrest.",{"->":"$r","var":true},null]}],["ev",{"^->":"static_events.0.8.$r1"},{"temp=":"$r"},"str",{"->":".^.s"},[{"#n":"$r1"}],"/str","/ev",{"*":".^.^.c-6","flg":18},{"s":["^Environmental Crisis.",{"->":"$r","var":true},null]}],["ev",{"^->":"static_events.0.9.$r1"},{"temp=":"$r"},"str",{"->":".^.s"},[{"#n":"$r1"}],"/str","/ev",{"*":".^.^.c-7","flg":18},{"s":["^Star Navigation Challenge.",{"->":"$r","var":true},null]}],["ev",{"^->":"static_events.0.10.$r1"},{"temp=":"$r"},"str",{"->":".^.s"},[{"#n":"$r1"}],"/str","/ev",{"*":".^.^.c-8","flg":18},{"s":["^Sabotage.",{"->":"$r","var":true},null]}],["ev",{"^->":"static_events.0.11.$r1"},{"temp=":"$r"},"str",{"->":".^.s"},[{"#n":"$r1"}],"/str","/ev",{"*":".^.^.c-9","flg":18},{"s":["^Unplanned Colony.",{"->":"$r","var":true},null]}],"ev","str","^Back","/str","choiceCnt",0,"==","/ev",{"*":".^.c-10","flg":5},{"c-0":["ev",{"^->":"static_events.0.c-0.$r2"},"/ev",{"temp=":"$r"},{"->":".^.^.2.s"},[{"#n":"$r2"}],"\n","^A sudden power failure occurs, affecting multiple critical systems throughout the ship. The player must prioritize which systems to restore first, based on their skills and the potential consequences of leaving certain systems offline for too long.","\n",{"->":".^.^.g-0"},{"#f":5}],"c-1":["ev",{"^->":"static_events.0.c-1.$r2"},"/ev",{"temp=":"$r"},{"->":".^.^.3.s"},[{"#n":"$r2"}],"\n","^A mysterious illness begins to spread throughout the ship, and the player must use their medical knowledge to identify the cause, develop a treatment, and contain the outbreak before it becomes an epidemic.","\n",{"->":".^.^.g-0"},{"#f":5}],"c-2":["ev",{"^->":"static_events.0.c-2.$r2"},"/ev",{"temp=":"$r"},{"->":".^.^.4.s"},[{"#n":"$r2"}],"\n","^The ship is boarded by hostile forces intent on taking control. The player must use their security skills to repel the invaders, protect the passengers and crew, and restore order to the ship.","\n",{"->":".^.^.g-0"},{"#f":5}],"c-3":["ev",{"^->":"static_events.0.c-3.$r2"},"/ev",{"temp=":"$r"},{"->":".^.^.5.s"},[{"#n":"$r2"}],"\n","^A young child goes missing on the ship, and the player must use their investigative and communication skills to find the child and return them safely to their family.","\n",{"->":".^.^.g-0"},{"#f":5}],"c-4":["ev",{"^->":"static_events.0.c-4.$r2"},"/ev",{"temp=":"$r"},{"->":".^.^.6.s"},[{"#n":"$r2"}],"\n","^A series of seemingly unrelated malfunctions plague the ship, affecting the daily lives of its inhabitants. The player must use their technical skills to discover the underlying cause and fix the problem before it escalates.","\n",{"->":".^.^.g-0"},{"#f":5}],"c-5":["ev",{"^->":"static_events.0.c-5.$r2"},"/ev",{"temp=":"$r"},{"->":".^.^.7.s"},[{"#n":"$r2"}],"\n","^Tensions between different factions on the ship are on the rise, and the player must use their social skills and diplomacy to resolve conflicts and maintain peace.","\n",{"->":".^.^.g-0"},{"#f":5}],"c-6":["ev",{"^->":"static_events.0.c-6.$r2"},"/ev",{"temp=":"$r"},{"->":".^.^.8.s"},[{"#n":"$r2"}],"\n","^A critical issue in the ship's environmental systems threatens the air and water supplies. The player must use their knowledge of the ship's environmental controls to repair the system and prevent a disaster.","\n",{"->":".^.^.g-0"},{"#f":5}],"c-7":["ev",{"^->":"static_events.0.c-7.$r2"},"/ev",{"temp=":"$r"},{"->":".^.^.9.s"},[{"#n":"$r2"}],"\n","^The ship encounters an unexpected and dangerous astronomical phenomenon. The player must use their piloting and astronomy skills to navigate the ship safely through the hazard.","\n",{"->":".^.^.g-0"},{"#f":5}],"c-8":["ev",{"^->":"static_events.0.c-8.$r2"},"/ev",{"temp=":"$r"},{"->":".^.^.10.s"},[{"#n":"$r2"}],"\n","^Someone is sabotaging the ship, causing damage to critical systems and endangering the lives of everyone on board. The player must use their investigative skills to find the saboteur and stop them before it's too late.","\n",{"->":".^.^.g-0"},{"#f":5}],"c-9":["ev",{"^->":"static_events.0.c-9.$r2"},"/ev",{"temp=":"$r"},{"->":".^.^.11.s"},[{"#n":"$r2"}],"\n","^A previously uncharted habitable planet is discovered, and the player must use their leadership and decision-making skills to determine if the ship should establish a colony on the planet, which could significantly change the course of the journey and the lives of the inhabitants.","\n",{"->":".^.^.g-0"},{"#f":5}],"c-10":["\n",{"->":"planned_features"},{"->":".^.^.g-0"},{"#f":5}],"g-0":["ev","str","^Read Another","/str","/ev",{"*":".^.c-11","flg":4},"ev","str","^Back","/str","/ev",{"*":".^.c-12","flg":4},{"c-11":["\n",{"->":".^.^.^.^"},{"#f":5}],"c-12":["\n",{"->":"planned_features"},{"#f":5}],"#f":5}]}],{"#f":1}],"dynamic_events":[["^Dynamic Events are chance events. The might or might happen during different parts of the game.","\n","^Is started this game jam by creating the Astroid Event first. I spent several days playing around with the mechanics of the event, how the dice are used, the player's options, and other details","\n","^Some other Events that might have happened:","\n",["ev",{"^->":"dynamic_events.0.6.$r1"},{"temp=":"$r"},"str",{"->":".^.s"},[{"#n":"$r1"}],"/str","/ev",{"*":".^.^.c-0","flg":18},{"s":["^Power Outage ",{"->":"$r","var":true},null]}],["ev",{"^->":"dynamic_events.0.7.$r1"},{"temp=":"$r"},"str",{"->":".^.s"},[{"#n":"$r1"}],"/str","/ev",{"*":".^.^.c-1","flg":18},{"s":["^Life Support System Malfunction",{"->":"$r","var":true},null]}],["ev",{"^->":"dynamic_events.0.8.$r1"},{"temp=":"$r"},"str",{"->":".^.s"},[{"#n":"$r1"}],"/str","/ev",{"*":".^.^.c-2","flg":18},{"s":["^Space Debris Collision",{"->":"$r","var":true},null]}],["ev",{"^->":"dynamic_events.0.9.$r1"},{"temp=":"$r"},"str",{"->":".^.s"},[{"#n":"$r1"}],"/str","/ev",{"*":".^.^.c-3","flg":18},{"s":["^Water Leak ",{"->":"$r","var":true},null]}],["ev",{"^->":"dynamic_events.0.10.$r1"},{"temp=":"$r"},"str",{"->":".^.s"},[{"#n":"$r1"}],"/str","/ev",{"*":".^.^.c-4","flg":18},{"s":["^Fire Incident ",{"->":"$r","var":true},null]}],["ev",{"^->":"dynamic_events.0.11.$r1"},{"temp=":"$r"},"str",{"->":".^.s"},[{"#n":"$r1"}],"/str","/ev",{"*":".^.^.c-5","flg":18},{"s":["^Medical Emergency ",{"->":"$r","var":true},null]}],["ev",{"^->":"dynamic_events.0.12.$r1"},{"temp=":"$r"},"str",{"->":".^.s"},[{"#n":"$r1"}],"/str","/ev",{"*":".^.^.c-6","flg":18},{"s":["^Communications Disruption ",{"->":"$r","var":true},null]}],["ev",{"^->":"dynamic_events.0.13.$r1"},{"temp=":"$r"},"str",{"->":".^.s"},[{"#n":"$r1"}],"/str","/ev",{"*":".^.^.c-7","flg":18},{"s":["^Security Breach ",{"->":"$r","var":true},null]}],["ev",{"^->":"dynamic_events.0.14.$r1"},{"temp=":"$r"},"str",{"->":".^.s"},[{"#n":"$r1"}],"/str","/ev",{"*":".^.^.c-8","flg":18},{"s":["^Propulsion System Glitch ",{"->":"$r","var":true},null]}],["ev",{"^->":"dynamic_events.0.15.$r1"},{"temp=":"$r"},"str",{"->":".^.s"},[{"#n":"$r1"}],"/str","/ev",{"*":".^.^.c-9","flg":18},{"s":["^Environmental Controls Malfunction ",{"->":"$r","var":true},null]}],"ev","str","^Back","/str","choiceCnt",0,"==","/ev",{"*":".^.c-10","flg":5},{"c-0":["ev",{"^->":"dynamic_events.0.c-0.$r2"},"/ev",{"temp=":"$r"},{"->":".^.^.6.s"},[{"#n":"$r2"}],"\n","^A sudden power fluctuation causes a temporary loss of electricity in a specific area of the ship, creating confusion and requiring maintenance efforts to restore power.","\n","^If location is already damaged, difficultly is increased.","\n",{"->":".^.^.g-0"},{"#f":5}],"c-1":["ev",{"^->":"dynamic_events.0.c-1.$r2"},"/ev",{"temp=":"$r"},{"->":".^.^.7.s"},[{"#n":"$r2"}],"\n","^A minor issue in the life support system causes a temporary decrease in oxygen levels or air pressure in a particular section of the ship, forcing inhabitants to adapt until the problem is fixed.","\n","^If the player has Agriculture or Mechanical skill, they can help fix the issue, otherwise injures are based on the Management skill.","\n",{"->":".^.^.g-0"},{"#f":5}],"c-2":["ev",{"^->":"dynamic_events.0.c-2.$r2"},"/ev",{"temp=":"$r"},{"->":".^.^.8.s"},[{"#n":"$r2"}],"\n","^A small piece of space debris impacts the ship's hull, causing minor damage and requiring repairs.","\n","^If the location has major damage already, the entire section can be lost, including all the people at that location.","\n","^Gameover is possible if the user is at the location when it is lost.","\n",{"->":".^.^.g-0"},{"#f":5}],"c-3":["ev",{"^->":"dynamic_events.0.c-3.$r2"},"/ev",{"temp=":"$r"},{"->":".^.^.9.s"},[{"#n":"$r2"}],"\n","^A minor water leak occurs in one of the hydroponics bays, causing potential damage to crops and requiring immediate attention.","\n","^If the player has Agriculture or Mechanical skill, they can help fix the issue, otherwise water lost is based on the Management skill.","\n",{"->":".^.^.g-0"},{"#f":5}],"c-4":["ev",{"^->":"dynamic_events.0.c-4.$r2"},"/ev",{"temp=":"$r"},{"->":".^.^.10.s"},[{"#n":"$r2"}],"\n","^A small fire breaks out in a random section of the ship due to an electrical malfunction, forcing the crew to respond quickly and extinguish the flames before they spread.","\n","^If the player is at the location when it happens, they can use Intelligence or Creativity to fight the fire.","\n","^Otherwise the location is damaged.","\n",{"->":".^.^.g-0"},{"#f":5}],"c-5":["ev",{"^->":"dynamic_events.0.c-5.$r2"},"/ev",{"temp=":"$r"},{"->":".^.^.11.s"},[{"#n":"$r2"}],"\n","^A crew member falls ill or gets injured, requiring immediate medical assistance and potentially straining the ship's medical resources.","\n","^The player can help with Healthcare or Social skills.","\n",{"->":".^.^.g-0"},{"#f":5}],"c-6":["ev",{"^->":"dynamic_events.0.c-6.$r2"},"/ev",{"temp=":"$r"},{"->":".^.^.12.s"},[{"#n":"$r2"}],"\n","^An unexpected solar flare or other space phenomena causes a temporary disruption in the ship's communication system, making it difficult to send and receive messages.","\n","^Player can bring critical systems back online with Programming or Creativity skills.","\n","^Systems suffer temporary damage that heads with TIME.","\n",{"->":".^.^.g-0"},{"#f":5}],"c-7":["ev",{"^->":"dynamic_events.0.c-7.$r2"},"/ev",{"temp=":"$r"},{"->":".^.^.13.s"},[{"#n":"$r2"}],"\n","^A suspicious individual or group is found on board the Celestial, sparking an investigation and potential security measures to be taken.","\n","^Player can help with Economics or Social skills.","\n","^This event continues if the player does not catch the saboteur. Each time a random location is damaged.","\n",{"->":".^.^.g-0"},{"#f":5}],"c-8":["ev",{"^->":"dynamic_events.0.c-8.$r2"},"/ev",{"temp=":"$r"},{"->":".^.^.14.s"},[{"#n":"$r2"}],"\n","^A minor issue in the propulsion system causes the ship to veer slightly off course, requiring a course correction and potential delays in reaching the destination.","\n","^Player can fix the problem with the Piloting skill.","\n",{"->":".^.^.g-0"},{"#f":5}],"c-9":["ev",{"^->":"dynamic_events.0.c-9.$r2"},"/ev",{"temp=":"$r"},{"->":".^.^.15.s"},[{"#n":"$r2"}],"\n","^A malfunction in the ship's environmental controls causes a section of the ship to experience extreme temperatures or humidity levels, requiring maintenance efforts to resolve the issue and restore comfort.","\n","^Player can fix the issue with the Mechanical skill, or mitigate the damage with the Agriculture or Economics skill.","\n",{"->":".^.^.g-0"},{"#f":5}],"c-10":["\n",{"->":"planned_features"},{"->":".^.^.g-0"},{"#f":5}],"g-0":["ev","str","^Read Another","/str","/ev",{"*":".^.c-11","flg":4},"ev","str","^Back","/str","/ev",{"*":".^.c-12","flg":4},{"c-11":["\n",{"->":".^.^.^.^"},{"#f":5}],"c-12":["\n",{"->":"planned_features"},{"#f":5}],"#f":5}]}],{"#f":1}],"global decl":["ev",0,{"VAR=":"timePlayer"},0,{"VAR=":"timeSinceLastRun"},0,{"VAR=":"totalVisits"},"/ev","end",null],"#f":1}],"listDefs":{}}