{"inkVersion":21,"root":[[{"->":"start"},["done",{"#f":5,"#n":"g-0"}],null],"done",{"start":[["#","^background: childroom.png","/#","#","^npc: father","/#","^Good morning sleepy head! Today is your graduation day!","\n","ev","str","^Graduation?","/str","/ev",{"*":".^.c-0","flg":20},"ev","str","^OMG I can't believe it's finnaly the day!","/str","/ev",{"*":".^.c-1","flg":20},{"c-0":["\n",{"->":"what_is_graduation"},{"#f":5}],"c-1":["\n",{"->":"excited_for_graduation"},{"#f":5}]}],{"#f":1}],"what_is_graduation":[["#","^npc: mother","/#","^Some coffee will help wake you up dear. It's your 18th birthday, and the day the Celestial's AI \"Mother\" reconizes you as an adult.","\n","ev","str","^Thanks! Coffee sounds great.","/str","/ev",{"*":".^.c-0","flg":20},"ev","str","^I'm too excited for coffee, I have things to do!","/str","/ev",{"*":".^.c-1","flg":20},{"c-0":["\n",{"->":"first_day_advice"},{"#f":5}],"c-1":["\n",{"->":"first_day_advice"},{"#f":5}]}],{"#f":1}],"excited_for_graduation":[["#","^npc: father","/#","^It's about time, you have so much potential ahead of you. The Celestial's AI \"Mother\" finnaly reconizes you as an adult.","\n","ev","str","^I'll prove myself to you!","/str","/ev",{"*":".^.c-0","flg":20},"ev","str","^What do I do now?","/str","/ev",{"*":".^.c-1","flg":20},{"c-0":["\n",{"->":"first_day_advice"},{"#f":5}],"c-1":["\n",{"->":"first_day_advice"},{"#f":5}]}],{"#f":1}],"first_day_advice":[["#","^npc: mother","/#","^As you know, every adult on the Celestial is encouraged to find ways to be helpful around the ship. The AI \"Mother\" is always available to assist you whenever you need it.","\n","^Today, explore the ship. Meet some new people and get to know the ship better. Then tomorrow you can start work.","\n","^Enjoy the exploration and make the most of this exciting day. You can always visit me in the Central Hub if you get scared.","\n","ev","str","^Thanks Mom!","/str","/ev",{"*":".^.c-0","flg":20},"ev","str","^Thanks Dad!","/str","/ev",{"*":".^.c-1","flg":20},"ev","str","^Thank You","/str","/ev",{"*":".^.c-2","flg":20},"ev","str","^Leave","/str","/ev",{"*":".^.c-3","flg":20},{"c-0":["\n","ev","str","^mom","/str",{"x()":"triggerEvent","exArgs":1},"pop","/ev","\n","ev","str","^ship","/str","str","^dialog-intro","/str",{"x()":"nextPage","exArgs":2},"pop","/ev","\n","end",{"#f":5}],"c-1":["\n","ev","str","^dad","/str",{"x()":"triggerEvent","exArgs":1},"pop","/ev","\n","ev","str","^ship","/str","str","^dialog-intro","/str",{"x()":"nextPage","exArgs":2},"pop","/ev","\n","end",{"#f":5}],"c-2":["\n","ev","str","^ship","/str","str","^dialog-intro","/str",{"x()":"nextPage","exArgs":2},"pop","/ev","\n","end",{"#f":5}],"c-3":["\n","ev","str","^thank-no-one","/str",{"x()":"triggerEvent","exArgs":1},"pop","/ev","\n","ev","str","^ship","/str","str","^dialog-intro","/str",{"x()":"nextPage","exArgs":2},"pop","/ev","\n","end","end",{"#f":5}]}],{"#f":1}],"global decl":["ev",0,{"VAR=":"timePlayer"},0,{"VAR=":"timeSinceLastRun"},0,{"VAR=":"totalVisits"},"/ev","end",null],"#f":1}],"listDefs":{}}