{"inkVersion":21,"root":[[{"->":"start"},["done",{"#f":5,"#n":"g-0"}],null],"done",{"start":[["#","^background: ship/medical_zone.png","/#","^You enter the Health and Wellness District, a serene and inviting area of the ship dedicated to both physical and mental well-being. Here, you find a diverse array of facilities and practitioners, from medical professionals to therapists and fitness instructors. The soothing atmosphere, combined with the hum of conversation and the occasional sound of exercise equipment, creates a space where health and self-care are the primary focus.","\n","ev","str","^Visit the medical center for a routine check-up.","/str","/ev",{"*":".^.c-0","flg":20},"ev","str","^Check out the mental health and therapy center.","/str","/ev",{"*":".^.c-1","flg":20},"ev","str","^Explore the fitness center and join a workout class.","/str","/ev",{"*":".^.c-2","flg":20},"ev","str","^Relax in the meditation and yoga studio.","/str","/ev",{"*":".^.c-3","flg":20},{"c-0":["\n",{"->":"checkup"},{"#f":5}],"c-1":["\n",{"->":"explore_center"},{"#f":5}],"c-2":["\n",{"->":"workout"},{"#f":5}],"c-3":["\n",{"->":"meditate"},{"#f":5}]}],{"#f":1}],"checkup":[["#","^npc: lila","/#","^As you meander through the Health and Wellness District, you spot the medical center and decide it's high time for a routine check-up. After all, who wouldn't want to ensure they're in tip-top shape for their adventures aboard the Celestial?","\n","^As you step through the sliding doors, a friendly nurse named Lila greets you with an infectious grin. \"Hello there, I'm Lila!\" she exclaims, her enthusiasm catching you slightly off guard. \"It's great to see people taking an interest in their health. We're here to help with anything from minor ailments to more complex health concerns. If you have any questions or need assistance, just let me know!\"","\n","ev","str","^Ask Lila about the most common health issues people face aboard the Celestial.","/str","/ev",{"*":".^.c-0","flg":20},"ev","str","^Inquire about any new, cutting-edge medical treatments available on the ship.","/str","/ev",{"*":".^.c-1","flg":20},"ev","str","^Admit that you're mostly here for the complimentary lollipops and ask if they have any new flavors.","/str","/ev",{"*":".^.c-2","flg":20},"ev","str","^Thank Lila for her help and proceed with your check-up.","/str","/ev",{"*":".^.c-3","flg":20},{"c-0":["\n","^Lila nods, understanding your curiosity. \"Well, aboard the Celestial, the most common health issues tend to be stress-related, like headaches and insomnia. We also see a fair amount of minor injuries from various recreational activities. But don't worry, we have excellent treatments and prevention programs to help people stay healthy!\"","\n",{"->":".^.^.g-0"},{"#f":5}],"c-1":["\n","^Her eyes light up with excitement. \"Oh, we're always researching and implementing the latest medical advancements! Just recently, we've started using nanobots for targeted drug delivery and advanced tissue repair. And our 3D bioprinting technology has made significant progress in creating replacement organs. It's truly an exciting time for medicine on the Celestial!\"","\n",{"->":".^.^.g-0"},{"#f":5}],"c-2":["\n","^Lila bursts into laughter, her grin widening. \"You caught me! We do have some new flavors in stock – Galactic Grape, Starburst Strawberry, and my personal favorite, Nebula Nectarine! Make sure you grab one after your check-up. It's our little way of saying 'thanks for taking care of yourself'.\"","\n",{"->":".^.^.g-0"},{"#f":5}],"c-3":["\n","^\"Of course! I'm always here to help,\" Lila says, her warm smile never faltering. \"Now, let's get you checked out and make sure you're in prime condition for all your adventures aboard the Celestial. And don't forget that lollipop on your way out!\"","\n",{"->":".^.^.g-0"},{"#f":5}],"g-0":["ev","str","^meet-lila","/str",{"x()":"triggerEvent","exArgs":1},"pop","/ev","\n","ev","str","^It's been a long day, time to go home.","/str",{"VAR?":"timePlayer"},2,">=","/ev",{"*":".^.c-4","flg":21},"ev","str","^Reluctantly go learn about another area.","/str",{"VAR?":"timePlayer"},2,"<","/ev",{"*":".^.c-5","flg":21},{"c-4":["\n","ev","str","^dialog","/str","str","^dialog-day-two","/str",{"x()":"nextPage","exArgs":2},"pop","/ev","\n","end",{"#f":5}],"c-5":["\n","ev","str","^ship","/str","str","^dialog-intro","/str",{"x()":"nextPage","exArgs":2},"pop","/ev","\n","end",{"#f":5}],"#f":5}]}],{"#f":1}],"explore_center":[["#","^npc: lila","/#","^As you explore the Health and Wellness District, you can't help but feel curious about the ship's mental health services. With a sense of intrigue, you follow the signs to the therapy center, a welcoming space with calming colors and soothing music.","\n","^As you walk in, you're greeted by a warm, compassionate nurse named Lila. \"Hi, I'm Lila. It's so important to take care of our mental well-being on this journey. We offer various therapy options, stress management workshops, and support groups. If you ever need someone to talk to, don't hesitate to reach out.\"","\n","^Lila chuckles softly and continues, \"I'm also here to help with your physical health needs, so if you ever need a check-up or a lollipop, just come find me!\"","\n","^\"Now, would you like to learn more about our therapy options, join a stress management workshop, or maybe attend a support group?\" Lila asks, her smile never fading.","\n","ev","str","^Learn more about the therapy options available on the ship.","/str","/ev",{"*":".^.c-0","flg":20},"ev","str","^Join a stress management workshop to learn relaxation techniques.","/str","/ev",{"*":".^.c-1","flg":20},"ev","str","^Thank Lila, and continue exploring the Health and Wellness District.","/str","/ev",{"*":".^.c-2","flg":20},{"c-0":["\n","^Lila grins as she begins to explain the therapy options. \"We have everything from traditional one-on-one sessions to group therapy, but our pièce de résistance is our virtual reality therapy!\" she exclaims, her eyes twinkling with excitement.","\n","^\"You wouldn't believe the scenarios we can create in there,\" Lila continues. \"Imagine facing your fear of heights on a tightrope suspended over a canyon, or practicing public speaking in front of a virtual crowd that throws rotten tomatoes if you mess up. All without any real-world consequences! It's both fun and therapeutic.\"","\n","^Lila chuckles, \"We've even had a few people come in just for the entertainment value, but they ended up learning something about themselves in the process. It's truly amazing what modern technology can do for mental health.\"","\n","^Lila leans in conspiratorially, \"But between you and me, my personal favorite is the virtual relaxation room. Picture yourself in a zen garden, the sound of a trickling waterfall in the background, without having to worry about bugs or sunburn. Absolute bliss!\"","\n",{"->":".^.^.g-0"},{"#f":5}],"c-1":["\n",{"->":"workout"},{"->":".^.^.g-0"},{"#f":5}],"c-2":["\n","^Expressing your gratitude to Lila, you smile and thank her for her help and the valuable information she provided. With a newfound appreciation for the various health services available on the Celestial, you continue exploring the Health and Wellness District, eager to discover even more ways to maintain your well-being during your journey through the stars.","\n",{"->":".^.^.g-0"},{"#f":5}],"g-0":["ev","str","^meet-lila","/str",{"x()":"triggerEvent","exArgs":1},"pop","/ev","\n","ev","str","^It's been a long day, time to go home.","/str",{"VAR?":"timePlayer"},2,">=","/ev",{"*":".^.c-3","flg":21},"ev","str","^Reluctantly go learn about another area.","/str",{"VAR?":"timePlayer"},2,"<","/ev",{"*":".^.c-4","flg":21},{"c-3":["\n","ev","str","^dialog","/str","str","^dialog-day-two","/str",{"x()":"nextPage","exArgs":2},"pop","/ev","\n","end",{"#f":5}],"c-4":["\n","ev","str","^ship","/str","str","^dialog-intro","/str",{"x()":"nextPage","exArgs":2},"pop","/ev","\n","end",{"#f":5}],"#f":5}]}],{"#f":1}],"workout":[["#","^npc: Ravi","/#","^Choosing to join a stress management workshop, you find yourself in a room with a small group of people, all eager to learn relaxation techniques. The instructor, a cheerful man named Ravi, sports a thick beard and a constant grin. His soothing voice immediately puts everyone at ease.","\n","^\"Now, imagine a serene beach, waves gently lapping at the shore,\" Ravi says, only to be interrupted by the loud snoring of a participant who has taken the relaxation exercise a bit too seriously.","\n","^The rest of the group chuckles, and Ravi smiles, saying, \"Well, I suppose that's one way to achieve relaxation! Just remember, don't get too relaxed during the workshop, or you might miss out on the valuable techniques we're teaching.\"","\n",["ev","str","^meet-ravi","/str",{"x()":"triggerEvent","exArgs":1},"pop","/ev","\n","ev","str","^It's been a long day, time to go home.","/str",{"VAR?":"timePlayer"},2,">=","/ev",{"*":".^.c-0","flg":21},"ev","str","^Reluctantly go learn about another area.","/str",{"VAR?":"timePlayer"},2,"<","/ev",{"*":".^.c-1","flg":21},{"c-0":["\n","ev","str","^dialog","/str","str","^dialog-day-two","/str",{"x()":"nextPage","exArgs":2},"pop","/ev","\n","end",{"#f":5}],"c-1":["\n","ev","str","^ship","/str","str","^dialog-intro","/str",{"x()":"nextPage","exArgs":2},"pop","/ev","\n","end",{"#f":5}],"#f":5,"#n":"g-0"}],null],{"#f":1}],"meditate":[["#","^npc: Ravi","/#","^As you meander through the Health and Wellness District, a serene, softly lit space draws your attention. Emanating an atmosphere of tranquility, the meditation and yoga studio offers a welcome respite from the bustling ship. The gentle, soothing sound of a waterfall provides the perfect backdrop, while the scent of essential oils further relaxes your senses.","\n","^A friendly, easy-going instructor approaches you with a warm smile, his posture tall and relaxed. \"Namaste, I'm Ravi,\" he says, extending his hand. \"We offer a variety of yoga and meditation classes to help you find balance and inner peace amidst the excitement of life on the Celestial. Whether you're new to the practice or a seasoned yogi, I'm here to guide you along your journey. Feel free to ask any questions, and I'll be happy to help you find the right class or meditation technique for your needs.\"","\n","ev","str","^Ask Ravi about the different yoga styles offered at the studio.","/str","/ev",{"*":".^.c-0","flg":20},"ev","str","^Inquire about meditation techniques and how to get started.","/str","/ev",{"*":".^.c-1","flg":20},"ev","str","^Join one of Ravi's beginner yoga classes to experience it firsthand.","/str","/ev",{"*":".^.c-2","flg":20},"ev","str","^Thank Ravi and continue exploring the Health and Wellness District.","/str","/ev",{"*":".^.c-3","flg":20},{"c-0":["\n","^Ravi's eyes light up as he describes the various yoga styles available at the studio, from the gentle flow of Hatha to the more intense and dynamic Vinyasa. \"We also offer Yin, Restorative, and even Aerial yoga,\" he adds. \"Our goal is to cater to every individual's needs and preferences. Don't hesitate to try a few different classes to find the style that suits you best.\"","\n",{"->":".^.^.g-0"},{"#f":5}],"c-1":["\n","^\"Meditation is a wonderful way to cultivate mindfulness and inner peace,\" Ravi explains. \"We teach various techniques, including breath awareness, loving-kindness, and body scans. For beginners, I recommend starting with a guided meditation to help you build a strong foundation. Remember, consistency is key, so even just a few minutes each day can make a world of difference.\"","\n",{"->":".^.^.g-0"},{"#f":5}],"c-2":["\n","^Ravi leads you to the beginner's class, where you're greeted by a small group of friendly faces. The class begins with some gentle stretching, followed by foundational poses that help build strength and flexibility. Ravi's calm and reassuring guidance makes you feel at ease, and by the end of the class, you find yourself feeling more relaxed and centered than you have in a long time.","\n",{"->":".^.^.g-0"},{"#f":5}],"c-3":["\n","^\"You're welcome,\" Ravi says with a genuine smile. \"Remember, the door is always open, and we're here to support your journey towards balance and well-being.\" With a newfound sense of relaxation and curiosity, you continue your exploration of the Health and Wellness District, eager to discover more opportunities for self-care and personal growth.","\n",{"->":".^.^.g-0"},{"#f":5}],"g-0":["ev","str","^meet-ravi","/str",{"x()":"triggerEvent","exArgs":1},"pop","/ev","\n","ev","str","^It's been a long day, time to go home.","/str",{"VAR?":"timePlayer"},2,">=","/ev",{"*":".^.c-4","flg":21},"ev","str","^Reluctantly go learn about another area.","/str",{"VAR?":"timePlayer"},2,"<","/ev",{"*":".^.c-5","flg":21},{"c-4":["\n","ev","str","^dialog","/str","str","^dialog-day-two","/str",{"x()":"nextPage","exArgs":2},"pop","/ev","\n","end",{"#f":5}],"c-5":["\n","ev","str","^ship","/str","str","^dialog-intro","/str",{"x()":"nextPage","exArgs":2},"pop","/ev","\n","end",{"#f":5}],"#f":5}]}],{"#f":1}],"global decl":["ev",0,{"VAR=":"timePlayer"},0,{"VAR=":"timeSinceLastRun"},0,{"VAR=":"totalVisits"},"/ev","end",null],"#f":1}],"listDefs":{}}