{"inkVersion":21,"root":[[{"->":"start"},["done",{"#f":5,"#n":"g-0"}],null],"done",{"start":[["#","^background: observation-window.png","/#","#","^title: Meteor Shower Alert","/#","#","^choiceType: skill-check","/#","ev",1,2,"rnd","/ev",{"VAR=":"largeRocks","re":true},"\n","ev",1,3,"rnd","/ev",{"VAR=":"criticalRisk","re":true},"\n","ev",true,"/ev",{"VAR=":"hasDebris","re":true},"^A swarm of asteroids suddenly appears in the Celestial's flight path, posing a threat to the ship's hull and vital systems. Mother sends an urgent Alert.","\n","^You must act quickly before TIME runs out and the ship is suffers ",["ev","visit",1,"MIN","/ev","ev","du",0,"==","/ev",{"->":".^.s0","c":true},"ev","du",1,"==","/ev",{"->":".^.s1","c":true},"nop",{"s0":["pop","^significant",{"->":".^.^.17"},null],"s1":["pop","^massive",{"->":".^.^.17"},null],"#f":5}],"^ damage. Which team will you join?","\n","ev","str","^Pilot an attack craft and destroy the asteroids with maser cannons. ","#","^DC: 6 ","/#","#","^skill: piloting","/#","/str","/ev",{"*":".^.c-0","flg":20},"ev","str","^Reroute power to the external shields or laser defence. ","#","^DC: 10 ","/#","#","^skill: programming","/#","/str","/ev",{"*":".^.c-1","flg":20},"ev","str","^Analyze the asteroid trajectory to find a safer path and adjust the Celestial's course. ","#","^DC: 18 ","/#","#","^skill: piloting","/#","/str","/ev",{"*":".^.c-2","flg":20},"ev","str","^Coordinate with engineers to deploy repair drones for damage control. ","#","^DC: 3 ","/#","#","^skill: management","/#","/str","/ev",{"*":".^.c-3","flg":20},{"c-0":["\n",{"->":"attack_rocks"},{"#f":5}],"c-1":["\n",{"->":"reroute_power"},{"#f":5}],"c-2":["\n",{"->":"move_ship"},{"#f":5}],"c-3":["\n",{"->":"repair_damage"},{"#f":5}]}],{"#f":1}],"attack_rocks":[["#","^choiceType: time-cost","/#","ev",{"VAR?":"time"},-1,"==","/ev",[{"->":".^.b","c":true},{"b":["\n","ev","str","^piloting","/str",{"x()":"rollDice","exArgs":1},"pop","/ev","\n",{"->":".^.^.^.9"},null]}],"nop","\n",["ev",{"^->":"attack_rocks"},"turns",0,"==","/ev",{"->":".^.b","c":true},{"b":["\n","^\"Mother\" has detected a concerning situation. There are ","ev",{"VAR?":"largeRocks"},"out","/ev","^ ",["ev","visit",4,"MIN","/ev","ev","du",0,"==","/ev",{"->":".^.s0","c":true},"ev","du",1,"==","/ev",{"->":".^.s1","c":true},"ev","du",2,"==","/ev",{"->":".^.s2","c":true},"ev","du",3,"==","/ev",{"->":".^.s3","c":true},"ev","du",4,"==","/ev",{"->":".^.s4","c":true},"nop",{"s0":["pop","^large",{"->":".^.^.35"},null],"s1":["pop","^massive",{"->":".^.^.35"},null],"s2":["pop","^huge",{"->":".^.^.35"},null],"s3":["pop","^gigantic",{"->":".^.^.35"},null],"s4":["pop","^colossal",{"->":".^.^.35"},null],"#f":5}],"^ ",["ev","visit",2,"MIN","/ev","ev","du",0,"==","/ev",{"->":".^.s0","c":true},"ev","du",1,"==","/ev",{"->":".^.s1","c":true},"ev","du",2,"==","/ev",{"->":".^.s2","c":true},"nop",{"s0":["pop","^rocks",{"->":".^.^.23"},null],"s1":["pop","^asteroids",{"->":".^.^.23"},null],"s2":["pop","^boulders",{"->":".^.^.23"},null],"#f":5}],"^ present, as well as a ","ev",{"VAR?":"criticalRisk"},"out","/ev","^ of smaller rocks and scattered debris that could cause ",["ev","visit",3,"MIN","/ev","ev","du",0,"==","/ev",{"->":".^.s0","c":true},"ev","du",1,"==","/ev",{"->":".^.s1","c":true},"ev","du",2,"==","/ev",{"->":".^.s2","c":true},"ev","du",3,"==","/ev",{"->":".^.s3","c":true},"nop",{"s0":["pop","^significant",{"->":".^.^.29"},null],"s1":["pop","^enormous",{"->":".^.^.29"},null],"s2":["pop","^devastating",{"->":".^.^.29"},null],"s3":["pop","^catastrophic",{"->":".^.^.29"},null],"#f":5}],"^ damage to the Celestial's hull and vital systems.","\n",{"->":".^.^.^.13"},null]}],[{"->":".^.b"},{"b":["\n",["ev",{"VAR?":"time"},2,">=",{"VAR?":"largeRocks"},0,">","&&","/ev",{"->":".^.b","c":true},{"b":["\n","^There are still ","ev",{"VAR?":"largeRocks"},"out","/ev","^ ",["ev","visit",4,"MIN","/ev","ev","du",0,"==","/ev",{"->":".^.s0","c":true},"ev","du",1,"==","/ev",{"->":".^.s1","c":true},"ev","du",2,"==","/ev",{"->":".^.s2","c":true},"ev","du",3,"==","/ev",{"->":".^.s3","c":true},"ev","du",4,"==","/ev",{"->":".^.s4","c":true},"nop",{"s0":["pop","^large",{"->":".^.^.35"},null],"s1":["pop","^massive",{"->":".^.^.35"},null],"s2":["pop","^huge",{"->":".^.^.35"},null],"s3":["pop","^gigantic",{"->":".^.^.35"},null],"s4":["pop","^colossal",{"->":".^.^.35"},null],"#f":5}],"^ ",["ev","visit",2,"MIN","/ev","ev","du",0,"==","/ev",{"->":".^.s0","c":true},"ev","du",1,"==","/ev",{"->":".^.s1","c":true},"ev","du",2,"==","/ev",{"->":".^.s2","c":true},"nop",{"s0":["pop","^rocks",{"->":".^.^.23"},null],"s1":["pop","^asteroids",{"->":".^.^.23"},null],"s2":["pop","^boulders",{"->":".^.^.23"},null],"#f":5}],"^. ","<>","\n",{"->":".^.^.^.3"},null]}],["ev",{"VAR?":"time"},2,"<",{"VAR?":"largeRocks"},0,">","&&","/ev",{"->":".^.b","c":true},{"b":["\n","^You don't have enough time to handle the remaining ","ev",{"VAR?":"largeRocks"},"out","/ev","^ ",["ev","visit",4,"MIN","/ev","ev","du",0,"==","/ev",{"->":".^.s0","c":true},"ev","du",1,"==","/ev",{"->":".^.s1","c":true},"ev","du",2,"==","/ev",{"->":".^.s2","c":true},"ev","du",3,"==","/ev",{"->":".^.s3","c":true},"ev","du",4,"==","/ev",{"->":".^.s4","c":true},"nop",{"s0":["pop","^large",{"->":".^.^.35"},null],"s1":["pop","^massive",{"->":".^.^.35"},null],"s2":["pop","^huge",{"->":".^.^.35"},null],"s3":["pop","^gigantic",{"->":".^.^.35"},null],"s4":["pop","^colossal",{"->":".^.^.35"},null],"#f":5}],"^ ",["ev","visit",2,"MIN","/ev","ev","du",0,"==","/ev",{"->":".^.s0","c":true},"ev","du",1,"==","/ev",{"->":".^.s1","c":true},"ev","du",2,"==","/ev",{"->":".^.s2","c":true},"nop",{"s0":["pop","^rocks",{"->":".^.^.23"},null],"s1":["pop","^asteroids",{"->":".^.^.23"},null],"s2":["pop","^boulders",{"->":".^.^.23"},null],"#f":5}],"^. ","<>","\n",{"->":".^.^.^.3"},null]}],"nop","\n",["ev",{"VAR?":"time"},3,">=",{"VAR?":"criticalRisk"},0,">","&&","/ev",{"->":".^.b","c":true},{"b":["\n","ev",{"VAR?":"criticalRisk"},"out","/ev","^ smaller rocks have trajectory that will ",["ev","visit",1,"MIN","/ev","ev","du",0,"==","/ev",{"->":".^.s0","c":true},"ev","du",1,"==","/ev",{"->":".^.s1","c":true},"nop",{"s0":["pop","^impact",{"->":".^.^.17"},null],"s1":["pop","^collide",{"->":".^.^.17"},null],"#f":5}],"^ with critical Celestial systems. ","<>","\n",{"->":".^.^.^.7"},null]}],["ev",{"VAR?":"time"},3,"<",{"VAR?":"criticalRisk"},0,">","&&","/ev",{"->":".^.b","c":true},{"b":["\n","^You don't have though time to prevent ","ev",{"VAR?":"criticalRisk"},"out","/ev","^ critical systems from being damaged by the smaller ",["ev","visit",1,"MIN","/ev","ev","du",0,"==","/ev",{"->":".^.s0","c":true},"ev","du",1,"==","/ev",{"->":".^.s1","c":true},"nop",{"s0":["pop","^asteroids",{"->":".^.^.17"},null],"s1":["pop","^rocks",{"->":".^.^.17"},null],"#f":5}],"^. ","<>","\n",{"->":".^.^.^.7"},null]}],"nop","\n","ev",{"VAR?":"hasDebris"},"/ev",[{"->":".^.b","c":true},{"b":["\n","^There is ",["ev","visit",1,"MIN","/ev","ev","du",0,"==","/ev",{"->":".^.s0","c":true},"ev","du",1,"==","/ev",{"->":".^.s1","c":true},"nop",{"s0":["pop","^wide spread",{"->":".^.^.17"},null],"s1":["pop","^large amount",{"->":".^.^.17"},null],"#f":5}],"^ of debris that will penitrate the shields and cause widespred minor damage. ","<>","\n",{"->":".^.^.^.13"},null]}],"nop","\n",{"->":".^.^.^.13"},null]}],"nop","\n","^With your Piloting skill, you have ","ev",{"VAR?":"time"},"out","/ev","^ TIME to spend attacking rocks.","\n","ev","str","^Destroy the largest rocks. ","#","^cost: 2","/#","/str",{"VAR?":"time"},2,">=",{"VAR?":"largeRocks"},0,">","&&","/ev",{"*":".^.c-0","flg":5},"ev","str","^Focus on rocks heading for critical systems. ","#","^cost: 3","/#","/str",{"VAR?":"time"},3,">=",{"VAR?":"criticalRisk"},0,">","&&","/ev",{"*":".^.c-1","flg":5},"ev","str","^Use your shields to absorb smaller debris. ","#","^cost: 1","/#","/str",{"VAR?":"time"},1,">=",{"VAR?":"hasDebris"},"&&","/ev",{"*":".^.c-2","flg":5},"ev","str","^Nudge Large rocks into sweeping clear debris. ","#","^cost: 4","/#","/str",{"VAR?":"time"},4,">=",{"VAR?":"largeRocks"},0,">","&&",{"VAR?":"hasDebris"},"&&","/ev",{"*":".^.c-3","flg":5},"ev","str","^All threats have been delt with, return to the Celestial.","/str",{"VAR?":"largeRocks"},0,"<=",{"VAR?":"criticalRisk"},0,"<=","&&",{"VAR?":"hasDebris"},"!","&&","/ev",{"*":".^.c-4","flg":5},"ev","str","^Return to the Celestial.","/str",{"VAR?":"time"},0,"==","choiceCnt",3,"<","||","/ev",{"*":".^.c-5","flg":5},{"c-0":["^ ","\n",{"->":".^.^.^.break_large_rocks"},{"#f":5}],"c-1":["\n",{"->":".^.^.^.protect_critical_systems"},{"#f":5}],"c-2":["\n",{"->":".^.^.^.use_shields"},{"#f":5}],"c-3":["\n",{"->":".^.^.^.nudge_rocks"},{"#f":5}],"c-4":["\n",{"->":"end_result"},{"#f":5}],"c-5":["\n",{"->":"end_result"},{"#f":5}]}],{"break_large_rocks":[["ev",{"VAR?":"time"},2,"-","/ev",{"VAR=":"time","re":true},"ev",{"VAR?":"largeRocks"},1,2,"rnd","-","/ev",{"VAR=":"largeRocks","re":true},"\n","^You focused your masors on the largest of the asteroid breaking them up into small debris. You prevented ",["ev","visit",2,"MIN","/ev","ev","du",0,"==","/ev",{"->":".^.s0","c":true},"ev","du",1,"==","/ev",{"->":".^.s1","c":true},"ev","du",2,"==","/ev",{"->":".^.s2","c":true},"nop",{"s0":["pop","^critical",{"->":".^.^.23"},null],"s1":["pop","^significant",{"->":".^.^.23"},null],"s2":["pop","^massive",{"->":".^.^.23"},null],"#f":5}],"^ damage to the ",["ev","visit",2,"MIN","/ev","ev","du",0,"==","/ev",{"->":".^.s0","c":true},"ev","du",1,"==","/ev",{"->":".^.s1","c":true},"ev","du",2,"==","/ev",{"->":".^.s2","c":true},"nop",{"s0":["pop","^Outer Deck",{"->":".^.^.23"},null],"s1":["pop","^Agricultural Zone",{"->":".^.^.23"},null],"s2":["pop","^Residential Districts",{"->":".^.^.23"},null],"#f":5}],"^.","\n","ev",{"VAR?":"largeRocks"},0,">","/ev",[{"->":".^.b","c":true},{"b":["\n","^There are still ","ev",{"VAR?":"largeRocks"},"out","/ev","^ ",["ev","visit",1,"MIN","/ev","ev","du",0,"==","/ev",{"->":".^.s0","c":true},"ev","du",1,"==","/ev",{"->":".^.s1","c":true},"nop",{"s0":["pop","^large",{"->":".^.^.17"},null],"s1":["pop","^massive",{"->":".^.^.17"},null],"#f":5}],"^ rocks headed for the ship.","\n",{"->":".^.^.^.27"},null]}],"nop","\n","ev","str","^Take another action.","/str",{"VAR?":"time"},0,">","/ev",{"*":".^.c-0","flg":5},"ev","str","^Return to the Celestial.","/str","/ev",{"*":".^.c-1","flg":4},{"c-0":["\n",{"->":".^.^.^.^"},{"#f":5}],"c-1":["\n",{"->":"end_result"},{"#f":5}]}],{"#f":1}],"protect_critical_systems":[["ev",{"VAR?":"time"},3,"-","/ev",{"VAR=":"time","re":true},"ev",0,"/ev",{"VAR=":"criticalRisk","re":true},"^Use your ship's weapons to target the smaller rocks that are on a collision course with critical ship systems. This will prevent damage to important systems and reduce the risk of critical failure.","\n","ev","str","^Take another action.","/str",{"VAR?":"time"},0,">","/ev",{"*":".^.c-0","flg":5},"ev","str","^Return to the Celestial.","/str","/ev",{"*":".^.c-1","flg":4},{"c-0":["\n",{"->":".^.^.^.^"},{"#f":5}],"c-1":["\n",{"->":"end_result"},{"#f":5}]}],{"#f":1}],"use_shields":[["ev",{"VAR?":"time"},1,"-","/ev",{"VAR=":"time","re":true},"ev",false,"/ev",{"VAR=":"hasDebris","re":true},"^You use your attack skip as a ram, letting the smaller debris impact your shields instead of hitting the Celestial hall.","\n","ev","str","^Take another action.","/str",{"VAR?":"time"},0,">","/ev",{"*":".^.c-0","flg":5},"ev","str","^Return to the Celestial.","/str","/ev",{"*":".^.c-1","flg":4},{"c-0":["\n",{"->":".^.^.^.^"},{"#f":5}],"c-1":["\n",{"->":"end_result"},{"#f":5}]}],{"#f":1}],"nudge_rocks":[["ev",{"VAR?":"time"},4,"-","/ev",{"VAR=":"time","re":true},"ev",1,2,"rnd","/ev",{"temp=":"rocksDestroyed"},"\n","ev",1,2,"rnd","/ev",{"temp=":"criticalSaved"},"\n","ev",false,"/ev",{"VAR=":"hasDebris","re":true},"ev",{"VAR?":"largeRocks"},{"VAR?":"rocksDestroyed"},"-","/ev",{"VAR=":"largeRocks","re":true},"ev",{"VAR?":"criticalRisk"},{"VAR?":"criticalSaved"},"-","/ev",{"VAR=":"criticalRisk","re":true},"^With persision shooting, you manage the change the directory of ","ev",{"VAR?":"rocksDestroyed"},"out","/ev","^ large asteroids. They sweep clear a path of debris and even took out ","ev",{"VAR?":"criticalSaved"},"out","/ev","^ rocks headed for critical ship systems before flying safely away from the Celestial.","\n","ev","str","^Take another action.","/str",{"VAR?":"time"},0,">","/ev",{"*":".^.c-0","flg":5},"ev","str","^Return to the Celestial.","/str","/ev",{"*":".^.c-1","flg":4},{"c-0":["\n",{"->":".^.^.^.^"},{"#f":5}],"c-1":["\n",{"->":"end_result"},{"#f":5}]}],{"#f":1}],"#f":3}],"reroute_power":[["#","^choiceType: time-cost","/#","ev","str","^programming","/str",{"x()":"getSkillValue","exArgs":1},"/ev",{"temp=":"skillValue"},"\n","ev",{"VAR?":"time"},-1,"==","/ev",[{"->":".^.b","c":true},{"b":["\n","ev","str","^programming","/str",{"x()":"rollDice","exArgs":1},"/ev",{"temp=":"diceResult"},"\n",{"->":".^.^.^.17"},null]}],"nop","\n","^With your Programming skill of ","ev",{"VAR?":"skillValue"},"out","/ev","^, you rolled ","ev",{"VAR?":"skillValue"},"out","/ev","^ 6 sided dice. (","ev",{"VAR?":"diceResult"},"out","/ev","^) That gives you ","ev",{"VAR?":"time"},"out","/ev","^ TIME to spend on actions.","\n","^The Celestial's onboard computer suddenly detects an incoming wave of space debris, posing a serious threat to the ship's safety. As a skilled programmer, you realize that you must act quickly to protect the vessel and its inhabitants. Each action you take consumes valuable TIME, and the average amount of time for a programming action is 5-7 TIME units. Use your programming skills wisely to deal with the impending danger.","\n","ev","str","^Reroute power to the external shields. ","#","^cost: 5","/#","/str",{"VAR?":"time"},5,">=","/ev",{"*":".^.c-0","flg":21},"ev","str","^Activate the laser defense system to target incoming debris. ","#","^cost: 6","/#","/str",{"VAR?":"time"},6,">=","/ev",{"*":".^.c-1","flg":21},"ev","str","^Upgrade the ship's sensor array to predict debris trajectory. ","#","^cost: 7","/#","/str",{"VAR?":"time"},7,">=","/ev",{"*":".^.c-2","flg":21},"ev","str","^Combine all actions to reinforce external shields, activate the laser defense system, and upgrade the sensor array. ","#","^cost: 14","/#","/str",{"VAR?":"time"},14,">=","/ev",{"*":".^.c-3","flg":21},"ev","str","^There is nothing more you can do in ","ev",{"VAR?":"time"},"out","/ev","^ TIME","/str",{"VAR?":"time"},5,"<","/ev",{"*":".^.c-4","flg":21},{"c-0":["\n",{"->":".^.^.^.external_shields"},{"#f":5}],"c-1":["\n",{"->":".^.^.^.laser_defense"},{"#f":5}],"c-2":["\n",{"->":".^.^.^.sensor_array"},{"#f":5}],"c-3":["\n",{"->":".^.^.^.combined_upgrades"},{"#f":5}],"c-4":["\n",{"->":"end_result"},{"#f":5}]}],{"external_shields":[["ev",{"VAR?":"time"},5,"-","/ev",{"VAR=":"time","re":true},"ev",0,"/ev",{"VAR=":"criticalRisk","re":true},"^You quickly access the ship's power management system and work on rerouting power to the external shields. Depending on your programming skill level, you efficiently divert energy to the shields, reinforcing them to withstand the impact of the incoming debris. As you complete the rerouting, 5 TIME units are spent, but the Celestial's defenses are significantly bolstered.","\n","ev","str","^Take another action.","/str",{"VAR?":"time"},5,">","/ev",{"*":".^.c-0","flg":5},"ev","str","^End Event Participation","/str","/ev",{"*":".^.c-1","flg":4},{"c-0":["\n",{"->":".^.^.^.^"},{"#f":5}],"c-1":["\n",{"->":"end_result"},{"#f":5}]}],{"#f":1}],"laser_defense":[["ev",{"VAR?":"time"},6,"-","/ev",{"VAR=":"time","re":true},"ev",0,"/ev",{"VAR=":"largeRocks","re":true},"^You rush to the weapons control panel and begin programming the laser defense system to automatically target and destroy the incoming debris. Your programming skill level dictates the system's efficiency, and after spending 6 TIME units, you successfully create a protective barrier of lasers, obliterating any debris that comes too close.","\n","ev","str","^Take another action.","/str",{"VAR?":"time"},4,">","/ev",{"*":".^.c-0","flg":5},"ev","str","^End Event Participation","/str","/ev",{"*":".^.c-1","flg":4},{"c-0":["\n",{"->":".^.^.^.^"},{"#f":5}],"c-1":["\n",{"->":"end_result"},{"#f":5}]}],{"#f":1}],"sensor_array":[["ev",{"VAR?":"time"},7,"-","/ev",{"VAR=":"time","re":true},"ev",false,"/ev",{"VAR=":"hasDebris","re":true},"^You decide to upgrade the ship's sensor array, aiming to accurately predict the trajectory of the space debris. Depending on your programming skill level, you spend 7 TIME units enhancing the sensors, enabling the Celestial to better anticipate and avoid potential collisions.","\n","ev","str","^Take another action.","/str",{"VAR?":"time"},4,">","/ev",{"*":".^.c-0","flg":5},"ev","str","^End Event Participation","/str","/ev",{"*":".^.c-1","flg":4},{"c-0":["\n",{"->":".^.^.^.^"},{"#f":5}],"c-1":["\n",{"->":"end_result"},{"#f":5}]}],{"#f":1}],"combined_upgrades":[["ev",{"VAR?":"time"},14,"-","/ev",{"VAR=":"time","re":true},"^Fueled by a sense of urgency, you decide to combine all three actions. You reroute power to the external shields, activate the laser defense system, and upgrade the sensor array. The operation is time-consuming, requiring 18 TIME units, but with your programming skills, the Celestial successfully weathers the storm of space debris, remaining unscathed and on course.","\n","ev","str","^Take another action.","/str",{"VAR?":"time"},4,">","/ev",{"*":".^.c-0","flg":5},"ev","str","^End Event Participation","/str","/ev",{"*":".^.c-1","flg":4},{"c-0":["\n",{"->":".^.^.^.^"},{"#f":5}],"c-1":["\n",{"->":"end_result"},{"#f":5}]}],{"#f":1}],"#f":1}],"move_ship":[["#","^choiceType: time-cost","/#","ev","str","^piloting","/str",{"x()":"getSkillValue","exArgs":1},"/ev",{"temp=":"skillValue"},"\n","ev",{"VAR?":"time"},-1,"==","/ev",[{"->":".^.b","c":true},{"b":["\n","ev","str","^piloting","/str",{"x()":"rollDice","exArgs":1},"/ev",{"temp=":"diceResult"},"\n",{"->":".^.^.^.17"},null]}],"nop","\n","^With your Piloting skill of ","ev",{"VAR?":"skillValue"},"out","/ev","^, you rolled ","ev",{"VAR?":"skillValue"},"out","/ev","^ 6 sided dice. (","ev",{"VAR?":"diceResult"},"out","/ev","^) That gives you ","ev",{"VAR?":"time"},"out","/ev","^ TIME to spend on actions.","\n","^As you detect the incoming wave of space debris and asteroids, you realize that the safest course of action is to carefully analyze their trajectories and find a safer path for the Celestial. Your piloting skills will be put to the test as you try to navigate the ship through this treacherous stretch of space. Use your piloting skills wisely to maneuver the ship away from danger.","\n","ev","str","^Perform an analysis of the asteroid trajectories. ","#","^cost: 14","/#","/str",{"VAR?":"time"},14,">=","/ev",{"*":".^.c-0","flg":21},"ev","str","^Implement evasive maneuvers to dodge incoming asteroids. ","#","^cost: 7","/#","/str",{"VAR?":"time"},7,">=","/ev",{"*":".^.c-1","flg":21},"ev","str","^Utilize Mythic skill level powers to create a comprehensive strategy, saving the Celestial from the incoming debris. ","#","^cost: 20","/#","/str",{"VAR?":"time"},20,">=","/ev",{"*":".^.c-2","flg":21},"ev","str","^There is noting you can do here in ","ev",{"VAR?":"time"},"out","/ev","^ TIME.","/str",{"VAR?":"time"},7,"<","/ev",{"*":".^.c-3","flg":5},{"c-0":["\n",{"->":".^.^.^.analyis_trajectories"},{"#f":5}],"c-1":["\n",{"->":".^.^.^.ship_evasive_maneuvers"},{"#f":5}],"c-2":["\n",{"->":".^.^.^.mythic_powers"},{"#f":5}],"c-3":["\n",{"->":"end_result"},{"#f":5}]}],{"analyis_trajectories":[["ev",{"VAR?":"time"},14,"-","/ev",{"VAR=":"time","re":true},"ev",0,"/ev",{"VAR=":"largeRocks","re":true},"ev",false,"/ev",{"VAR=":"hasDebris","re":true},"^You swiftly gather data from the ship's sensors and perform a rapid analysis of the asteroid trajectories. You manage to identify a relatively safer path through the debris field.","\n","^You adjust the Celestial's course, minimizing the risk of collision.","\n","ev","str","^Take another action.","/str",{"VAR?":"time"},7,">","/ev",{"*":".^.c-0","flg":5},"ev","str","^End Event Participation","/str","/ev",{"*":".^.c-1","flg":4},{"c-0":["\n",{"->":".^.^.^.^"},{"#f":5}],"c-1":["\n",{"->":"end_result"},{"#f":5}]}],{"#f":1}],"ship_evasive_maneuvers":[["ev",{"VAR?":"time"},7,"-","/ev",{"VAR=":"time","re":true},"ev",0,"/ev",{"VAR=":"criticalRisk","re":true},"^Realizing that the situation requires immediate action, you opt to use evasive maneuvers to dodge the incoming asteroids. Depending on your piloting skill level, you spend 7 TIME units expertly guiding the ship around the dangerous debris. The Celestial's hull remains intact, and you successfully navigate through the field.","\n","ev","str","^Take another action.","/str",{"VAR?":"time"},7,">","/ev",{"*":".^.c-0","flg":5},"ev","str","^End Event Participation","/str","/ev",{"*":".^.c-1","flg":4},{"c-0":["\n",{"->":".^.^.^.^"},{"#f":5}],"c-1":["\n",{"->":"end_result"},{"#f":5}]}],{"#f":1}],"mythic_powers":[["ev",{"VAR?":"time"},20,"-","/ev",{"VAR=":"time","re":true},"ev",0,"/ev",{"VAR=":"largeRocks","re":true},"ev",0,"/ev",{"VAR=":"criticalRisk","re":true},"ev",false,"/ev",{"VAR=":"hasDebris","re":true},"^Recognizing the severity of the situation, you tap into the legendary prowess of your mythic skill level, devising an unparalleled strategy to protect the Celestial. Investing 20 TIME units, you meticulously analyze the asteroid trajectory, pinpoint the safest path, adjust the Celestial's course, and direct the ship's laser defense system. At the same time, you collaborate with other pilots, synchronizing your efforts for a masterful execution. Through your extraordinary abilities and unwavering determination, the Celestial emerges unscathed from the treacherous debris field.","\n","ev","str","^Take another action.","/str",{"VAR?":"time"},7,">","/ev",{"*":".^.c-0","flg":5},"ev","str","^End Event Participation","/str","/ev",{"*":".^.c-1","flg":4},{"c-0":["\n",{"->":".^.^.^.^"},{"#f":5}],"c-1":["\n",{"->":"end_result"},{"#f":5}]}],{"#f":1}],"#f":1}],"repair_damage":[["#","^choiceType: time-cost","/#","ev","str","^management","/str",{"x()":"getSkillValue","exArgs":1},"/ev",{"temp=":"skillValue"},"\n","ev",{"VAR?":"time"},-1,"==","/ev",[{"->":".^.b","c":true},{"b":["\n","ev","str","^management","/str",{"x()":"rollDice","exArgs":1},"/ev",{"temp=":"diceResult"},"\n",{"->":".^.^.^.17"},null]}],"nop","\n","^With your Management skill of ","ev",{"VAR?":"skillValue"},"out","/ev","^, you rolled ","ev",{"VAR?":"skillValue"},"out","/ev","^ 6 sided dice. (","ev",{"VAR?":"diceResult"},"out","/ev","^) That gives you ","ev",{"VAR?":"time"},"out","/ev","^ TIME to spend on actions.","\n","^Determined to minimize the damage caused by the debris, you spring into action, focusing on swift and effective repairs. Allocating your TIME strategically, you tackle the most pressing issues first:","\n","ev","str","^Patch up a hull breach with an emergency repair kit. ","#","^cost: 1","/#","/str","/ev",{"*":".^.c-0","flg":4},"ev","str","^Reboot the malfunctioning laser defense system. ","#","^cost: 2","/#","/str","/ev",{"*":".^.c-1","flg":20},"ev","str","^Reinforce damaged structural supports. ","#","^cost: 1","/#","/str","/ev",{"*":".^.c-2","flg":20},"ev","str","^Repair damaged navigation sensors. ","#","^cost: 2","/#","/str","/ev",{"*":".^.c-3","flg":20},"ev","str","^Monitor and adjust the shield generator to better protect the ship. ","#","^cost: 1","/#","/str","/ev",{"*":".^.c-4","flg":20},"ev","str","^Deploy drones to clear a path through the debris field. ","#","^cost: 2","/#","/str","/ev",{"*":".^.c-5","flg":20},"ev","str","^Coordinate with the engineering team to fortify vulnerable systems. ","#","^cost: 3","/#","/str","/ev",{"*":".^.c-6","flg":20},{"c-0":["\n",{"->":".^.^.^.hull_patch"},{"#f":5}],"c-1":["\n",{"->":".^.^.^.reboot_laser"},{"#f":5}],"c-2":["\n",{"->":".^.^.^.reinforce_supports"},{"#f":5}],"c-3":["\n",{"->":".^.^.^.repair_navigation"},{"#f":5}],"c-4":["\n",{"->":".^.^.^.adjust_generator"},{"#f":5}],"c-5":["\n",{"->":".^.^.^.deploy_drones"},{"#f":5}],"c-6":["\n",{"->":".^.^.^.coordinate_team"},{"#f":5}]}],{"hull_patch":[["ev",{"VAR?":"time"},1,"-","/ev",{"VAR=":"time","re":true},"^You quickly grab an emergency repair kit and set to work, expertly sealing the hull breach in record time. The patch holds firm, preventing further damage and maintaining the ship's integrity.","\n","ev","str","^Take another action.","/str",{"VAR?":"time"},0,">","/ev",{"*":".^.c-0","flg":5},"ev","str","^End Event Participation","/str","/ev",{"*":".^.c-1","flg":4},{"c-0":["\n",{"->":".^.^.^.^"},{"#f":5}],"c-1":["\n",{"->":"end_result"},{"#f":5}]}],{"#f":1}],"reboot_laser":[["ev",{"VAR?":"time"},1,"-","/ev",{"VAR=":"time","re":true},"^Identifying a glitch in the laser defense system, you reboot the software and restore its functionality. The lasers come back online, ready to intercept any remaining debris.","\n","ev","str","^Take another action.","/str",{"VAR?":"time"},0,">","/ev",{"*":".^.c-0","flg":5},"ev","str","^End Event Participation","/str","/ev",{"*":".^.c-1","flg":4},{"c-0":["\n",{"->":".^.^.^.^"},{"#f":5}],"c-1":["\n",{"->":"end_result"},{"#f":5}]}],{"#f":1}],"reinforce_supports":[["ev",{"VAR?":"time"},1,"-","/ev",{"VAR=":"time","re":true},"^Grabbing a portable welding tool, you skillfully reinforce the damaged structural supports. Your efforts shore up the Celestial's framework, ensuring its stability in the face of ongoing threats.","\n","ev","str","^Take another action.","/str",{"VAR?":"time"},0,">","/ev",{"*":".^.c-0","flg":5},"ev","str","^End Event Participation","/str","/ev",{"*":".^.c-1","flg":4},{"c-0":["\n",{"->":".^.^.^.^"},{"#f":5}],"c-1":["\n",{"->":"end_result"},{"#f":5}]}],{"#f":1}],"repair_navigation":[["ev",{"VAR?":"time"},2,"-","/ev",{"VAR=":"time","re":true},"^Locating the damaged navigation sensors, you work quickly to replace faulty components and recalibrate the system. With the sensors back online, the ship's navigation system is now fully operational.","\n","ev","str","^Take another action.","/str",{"VAR?":"time"},0,">","/ev",{"*":".^.c-0","flg":5},"ev","str","^End Event Participation","/str","/ev",{"*":".^.c-1","flg":4},{"c-0":["\n",{"->":".^.^.^.^"},{"#f":5}],"c-1":["\n",{"->":"end_result"},{"#f":5}]}],{"#f":1}],"adjust_generator":[["ev",{"VAR?":"time"},1,"-","/ev",{"VAR=":"time","re":true},"^You access the shield generator controls, fine-tuning the energy distribution to provide maximum protection against the incoming debris. The Celestial's shields now offer improved coverage, reducing the likelihood of further damage.","\n","ev","str","^Take another action.","/str",{"VAR?":"time"},0,">","/ev",{"*":".^.c-0","flg":5},"ev","str","^End Event Participation","/str","/ev",{"*":".^.c-1","flg":4},{"c-0":["\n",{"->":".^.^.^.^"},{"#f":5}],"c-1":["\n",{"->":"end_result"},{"#f":5}]}],{"#f":1}],"deploy_drones":[["ev",{"VAR?":"time"},2,"-","/ev",{"VAR=":"time","re":true},"^You activate the ship's fleet of drones and send them out to intercept and disperse the debris. The drones work tirelessly, clearing a path for the Celestial and reducing the threat of additional impacts.","\n","ev","str","^Take another action.","/str",{"VAR?":"time"},0,">","/ev",{"*":".^.c-0","flg":5},"ev","str","^End Event Participation","/str","/ev",{"*":".^.c-1","flg":4},{"c-0":["\n",{"->":".^.^.^.^"},{"#f":5}],"c-1":["\n",{"->":"end_result"},{"#f":5}]}],{"#f":1}],"coordinate_team":[["ev",{"VAR?":"time"},3,"-","/ev",{"VAR=":"time","re":true},"^You establish communication with the engineering team and work together to identify and reinforce the ship's most vulnerable systems. Through your combined efforts, the Celestial's critical components are safeguarded against potential damage from the debris.","\n","ev","str","^Take another action.","/str",{"VAR?":"time"},0,">","/ev",{"*":".^.c-0","flg":5},"ev","str","^End Event Participation","/str","/ev",{"*":".^.c-1","flg":4},{"c-0":["\n",{"->":".^.^.^.^"},{"#f":5}],"c-1":["\n",{"->":"end_result"},{"#f":5}]}],{"#f":1}],"#f":1}],"end_result":[["#","^title: Summary","/#","ev",{"VAR?":"largeRocks"},0,">","/ev",[{"->":".^.b","c":true},{"b":["\n","ev",{"VAR?":"largeRocks"},"out","/ev","^ Areas of the ship damaged by the Large Rocks.","\n",{"->":".^.^.^.9"},null]}],"nop","\n","ev",{"VAR?":"criticalRisk"},0,">","/ev",[{"->":".^.b","c":true},{"b":["\n","ev",{"VAR?":"criticalRisk"},"out","/ev","^ Critical Systems damaged by the astroids.","\n",{"->":".^.^.^.17"},null]}],"nop","\n","ev",{"VAR?":"hasDebris"},"/ev",[{"->":".^.b","c":true},{"b":["\n","^Minor damage across several areas from the debris.","\n",{"->":".^.^.^.23"},null]}],"nop","\n",["ev",{"^->":"end_result.0.25.$r1"},{"temp=":"$r"},"str",{"->":".^.s"},[{"#n":"$r1"}],"/str","/ev",{"*":".^.^.c-0","flg":2},{"s":["^Return",{"->":"$r","var":true},null]}],{"c-0":["ev",{"^->":"end_result.0.c-0.$r2"},"/ev",{"temp=":"$r"},{"->":".^.^.25.s"},[{"#n":"$r2"}],"\n","ev","str","^dialog","/str","str","^dialog-day-two","/str",{"x()":"nextPage","exArgs":2},"pop","/ev","\n","end",{"#f":5}]}],{"#f":1}],"global decl":["ev",-1,{"VAR=":"time"},0,{"VAR=":"largeRocks"},0,{"VAR=":"criticalRisk"},false,{"VAR=":"hasDebris"},"/ev","end",null],"#f":1}],"listDefs":{}}